{
  "benchmark": "retrieval-scale",
  "timestamp": "2026-07-10T17:58:21.214863+00:00",
  "config": {
    "scales": [
      100,
      1000
    ],
    "runs_per_scale": 3,
    "queries": 16,
    "topics": 8,
    "db_host": "localhost",
    "db_port": "15433"
  },
  "tiers": [
    {
      "scale": 100,
      "seed_time_s": 0.25488879199838266,
      "queries": 16,
      "latency_p50_ms": 4.094833999261027,
      "latency_p95_ms": 4.905957999653765,
      "latency_p99_ms": 4.905957999653765,
      "recall_at_10": 0.09495192307692309,
      "precision_at_10": 0.11875,
      "mrr_score": 0.2703125,
      "keyword_recall_at_10": 0.09575320512820512,
      "keyword_precision_at_10": 0.11875000000000001,
      "keyword_mrr_score": 0.24079861111111112
    },
    {
      "scale": 1000,
      "seed_time_s": 1.273012875000859,
      "queries": 16,
      "latency_p50_ms": 13.693124999917927,
      "latency_p95_ms": 15.131083000596846,
      "latency_p99_ms": 15.131083000596846,
      "recall_at_10": 0.011500000000000003,
      "precision_at_10": 0.14375000000000002,
      "mrr_score": 0.19146825396825398,
      "keyword_recall_at_10": 0.012000000000000002,
      "keyword_precision_at_10": 0.15,
      "keyword_mrr_score": 0.33497023809523807
    }
  ],
  "total_seconds": 5.6578940830004285
}